mean_fit_time,std_fit_time,mean_score_time,std_score_time,param_subsample,param_reg_lambda,param_reg_alpha,param_n_estimators,param_min_child_weight,param_max_depth,param_learning_rate,param_colsample_bytree,params,split0_test_score,split1_test_score,split2_test_score,split3_test_score,split4_test_score,mean_test_score,std_test_score,rank_test_score,split0_train_score,split1_train_score,split2_train_score,split3_train_score,split4_train_score,mean_train_score,std_train_score,CV_MAE_K,Train_MAE_K
7.593732404708862,0.2061293663996668,0.02164902687072754,0.005417152383159367,0.7,10.0,0.5,500,1,8,0.05,1.0,"{'subsample': 0.7, 'reg_lambda': 10.0, 'reg_alpha': 0.5, 'n_estimators': 500, 'min_child_weight': 1, 'max_depth': 8, 'learning_rate': 0.05, 'colsample_bytree': 1.0}",-26.828032711634098,-26.1975588344739,-24.521950207840497,-26.04959257686077,-27.167032452050616,-26.15283335657198,0.9118040190886672,1,-6.18906050463981,-5.993553705033378,-6.326803114724755,-6.041549178413722,-5.793456960182554,-6.068884692598844,0.1806912073560627,26.15283335657198,6.068884692598844
8.107281303405761,0.18960818075524677,0.030335235595703124,0.0039205603180787925,0.9,10.0,0.1,1200,5,7,0.05,1.0,"{'subsample': 0.9, 'reg_lambda': 10.0, 'reg_alpha': 0.1, 'n_estimators': 1200, 'min_child_weight': 5, 'max_depth': 7, 'learning_rate': 0.05, 'colsample_bytree': 1.0}",-26.46981031888617,-26.33049888811443,-24.472664986983308,-26.088039507776852,-27.781294160852614,-26.22846157252268,1.0566446786486972,2,-4.045285981946644,-3.8391178814415006,-4.139858447509041,-4.034373887775053,-3.889913778489113,-3.9897099954322703,0.10978650274936205,26.22846157252268,3.9897099954322703
3.5434414386749267,0.18010072623127063,0.018041372299194336,0.0027112174223976383,1.0,5.0,0.1,900,5,6,0.08,0.8,"{'subsample': 1.0, 'reg_lambda': 5.0, 'reg_alpha': 0.1, 'n_estimators': 900, 'min_child_weight': 5, 'max_depth': 6, 'learning_rate': 0.08, 'colsample_bytree': 0.8}",-26.420288733044753,-26.83248382749549,-24.706113518350097,-26.497783630578343,-27.804349323784358,-26.45220380665061,1.002480701153752,3,-5.7002671494805615,-5.389491153113356,-6.144004494590581,-5.76220375205047,-5.421369214022526,-5.683467152651499,0.2733838155548686,26.45220380665061,5.683467152651499
1.7395602226257325,0.06033013962393494,0.012895631790161132,0.00339905571879925,0.9,5.0,1.0,500,7,6,0.08,0.8,"{'subsample': 0.9, 'reg_lambda': 5.0, 'reg_alpha': 1.0, 'n_estimators': 500, 'min_child_weight': 7, 'max_depth': 6, 'learning_rate': 0.08, 'colsample_bytree': 0.8}",-26.696314519699396,-26.941482947222553,-24.751160706964157,-26.552927046615522,-27.694333309050528,-26.527243705910433,0.9713297775741849,4,-9.677034069088792,-9.26768567311445,-9.937916672795215,-9.834141232503686,-9.439540751160898,-9.631263679732609,0.24748209484768796,26.527243705910433,9.631263679732609
2.923237657546997,0.13128415502925916,0.012025165557861327,0.00265096375681795,0.7,2.0,1.0,300,1,7,0.08,1.0,"{'subsample': 0.7, 'reg_lambda': 2.0, 'reg_alpha': 1.0, 'n_estimators': 300, 'min_child_weight': 1, 'max_depth': 7, 'learning_rate': 0.08, 'colsample_bytree': 1.0}",-26.695960948578474,-26.338878498417124,-24.7823168634701,-26.714024572712454,-28.139736281493725,-26.534183432934373,1.0717737862342978,5,-7.488814034217183,-7.174982020783129,-7.680366777396576,-7.349563204978707,-7.225544694433282,-7.3838541463617755,0.18373983481889736,26.534183432934373,7.3838541463617755
4.419558715820313,0.1238924168180733,0.019825029373168945,0.003830907703306058,1.0,5.0,0.01,700,7,8,0.1,0.7,"{'subsample': 1.0, 'reg_lambda': 5.0, 'reg_alpha': 0.01, 'n_estimators': 700, 'min_child_weight': 7, 'max_depth': 8, 'learning_rate': 0.1, 'colsample_bytree': 0.7}",-27.251965145664364,-26.1788524696926,-25.14098807997376,-26.062808234792815,-28.137154968987097,-26.55435377982213,1.0365463887766275,6,-2.6618865804951417,-2.501902512820231,-2.7782327768991797,-2.7025384656111227,-2.517594675559633,-2.6324310022770616,0.10701954352368635,26.55435377982213,2.6324310022770616
3.401334524154663,0.05785008508209153,0.01655721664428711,0.0031569162602023268,0.9,1.0,1.0,900,3,6,0.1,0.7,"{'subsample': 0.9, 'reg_lambda': 1.0, 'reg_alpha': 1.0, 'n_estimators': 900, 'min_child_weight': 3, 'max_depth': 6, 'learning_rate': 0.1, 'colsample_bytree': 0.7}",-27.3333162647147,-26.630508814739713,-24.965709694432846,-25.980012843289074,-27.8879124080224,-26.55949200503975,1.0241568524097062,7,-2.5680416015573204,-2.473818562911838,-2.6080394238944162,-2.5398816739969257,-2.511784199104835,-2.540313092293067,0.046024629328472864,26.55949200503975,2.540313092293067
5.626667451858521,0.1625339708707865,0.025149774551391602,0.00334743459454746,1.0,10.0,0.5,900,7,8,0.1,0.8,"{'subsample': 1.0, 'reg_lambda': 10.0, 'reg_alpha': 0.5, 'n_estimators': 900, 'min_child_weight': 7, 'max_depth': 8, 'learning_rate': 0.1, 'colsample_bytree': 0.8}",-27.111969180507515,-26.415173459946853,-24.835736191145337,-26.26644712697468,-28.251869570565347,-26.57623910582795,1.11767685631723,8,-2.129086733572454,-2.105604331041221,-2.194527375160965,-2.2137832732863036,-2.0608318495037445,-2.1407667125129377,0.0565402941248748,26.57623910582795,2.1407667125129377
1.910241460800171,0.08461636907651127,0.013600301742553712,0.002496913222282631,1.0,1.0,0.01,700,3,5,0.1,0.8,"{'subsample': 1.0, 'reg_lambda': 1.0, 'reg_alpha': 0.01, 'n_estimators': 700, 'min_child_weight': 3, 'max_depth': 5, 'learning_rate': 0.1, 'colsample_bytree': 0.8}",-26.34371145311506,-26.78220077605243,-25.109123017470445,-26.691242910491994,-28.056526881996763,-26.59656100782534,0.9435392744823409,9,-7.951551020496419,-7.644223564190027,-8.21880771434656,-8.012655463080137,-7.743521042824804,-7.914151760987589,0.20292511291702714,26.59656100782534,7.914151760987589
3.3911976337432863,0.10745327663183651,0.02121148109436035,0.003000647951067306,0.7,10.0,1.0,700,7,6,0.1,1.0,"{'subsample': 0.7, 'reg_lambda': 10.0, 'reg_alpha': 1.0, 'n_estimators': 700, 'min_child_weight': 7, 'max_depth': 6, 'learning_rate': 0.1, 'colsample_bytree': 1.0}",-27.364989201591825,-26.79522480143643,-24.4506518244076,-26.7744865295721,-27.601433775404722,-26.597357226482536,1.120383774948077,10,-6.1334330891288324,-6.096295857807817,-6.092643996745689,-6.098948120634983,-5.967769800892057,-6.077818173041876,0.05694096534530779,26.597357226482536,6.077818173041876
2.6601696968078614,0.041612260848753406,0.018587827682495117,0.004620922433498376,1.0,0.5,0.0,700,5,6,0.1,0.9,"{'subsample': 1.0, 'reg_lambda': 0.5, 'reg_alpha': 0, 'n_estimators': 700, 'min_child_weight': 5, 'max_depth': 6, 'learning_rate': 0.1, 'colsample_bytree': 0.9}",-27.24725610475807,-26.628460301988905,-24.768024011406478,-26.627254509658684,-27.977821796721635,-26.649763344906756,1.064203010337363,11,-4.51134156891892,-4.3484240316100475,-4.743750925755975,-4.6024383742978685,-4.3666707845224675,-4.514525137021056,0.148144403462994,26.649763344906756,4.514525137021056
9.364607429504394,0.2531808059245957,0.036555910110473634,0.011151341675637267,0.7,5.0,0.01,1200,7,8,0.01,0.9,"{'subsample': 0.7, 'reg_lambda': 5.0, 'reg_alpha': 0.01, 'n_estimators': 1200, 'min_child_weight': 7, 'max_depth': 8, 'learning_rate': 0.01, 'colsample_bytree': 0.9}",-26.858892185512083,-26.85832968468379,-25.07832525225794,-26.44688055896597,-28.08678087943681,-26.665841712171318,0.965561051306143,12,-13.00562982234704,-12.855732359078965,-13.368084850416478,-13.054519860568002,-12.73163604807525,-13.003120588097147,0.21506940264080537,26.665841712171318,13.003120588097147
4.433868646621704,0.06700789191635144,0.011791610717773437,0.0038387740803714743,0.9,0.5,0.1,300,1,8,0.1,1.0,"{'subsample': 0.9, 'reg_lambda': 0.5, 'reg_alpha': 0.1, 'n_estimators': 300, 'min_child_weight': 1, 'max_depth': 8, 'learning_rate': 0.1, 'colsample_bytree': 1.0}",-27.01448455111671,-26.643443974696346,-25.565182107888205,-26.24280668767077,-28.1944387656764,-26.732071217409686,0.8748875241321659,13,-2.790329764636836,-2.5848570869714456,-2.663359491010818,-2.663334530908254,-2.6690508694047,-2.674186348586411,0.065924754092594,26.732071217409686,2.674186348586411
1.366748332977295,0.08884680037565643,0.00853590965270996,0.0019603947240471454,0.7,2.0,0.5,700,1,4,0.1,0.8,"{'subsample': 0.7, 'reg_lambda': 2.0, 'reg_alpha': 0.5, 'n_estimators': 700, 'min_child_weight': 1, 'max_depth': 4, 'learning_rate': 0.1, 'colsample_bytree': 0.8}",-26.73567214305771,-27.612781510810105,-25.040394985467522,-27.15351540945989,-28.216285465674403,-26.951729902893923,1.074866457985041,14,-12.903590059794256,-12.54855322791299,-13.2351876741716,-12.91024673374536,-12.690212334641974,-12.857558006053235,0.23280367045826655,26.951729902893923,12.857558006053235
3.244446897506714,0.04433077857082924,0.01665663719177246,0.005433521368957244,0.7,1.0,0.0,300,5,8,0.03,1.0,"{'subsample': 0.7, 'reg_lambda': 1.0, 'reg_alpha': 0, 'n_estimators': 300, 'min_child_weight': 5, 'max_depth': 8, 'learning_rate': 0.03, 'colsample_bytree': 1.0}",-27.16077425037025,-27.10863817624261,-25.61330809822115,-26.93064113752951,-28.581063175428092,-27.07888496755832,0.9417029541573132,15,-12.665206467535821,-12.374068828416062,-12.999068925393857,-12.59450544643301,-12.259144980049335,-12.578398929565617,0.25629361616775065,27.07888496755832,12.578398929565617
1.4617778778076171,0.030520853939446573,0.011886787414550782,0.005456089204107085,0.8,1.0,0.5,700,7,4,0.08,0.9,"{'subsample': 0.8, 'reg_lambda': 1.0, 'reg_alpha': 0.5, 'n_estimators': 700, 'min_child_weight': 7, 'max_depth': 4, 'learning_rate': 0.08, 'colsample_bytree': 0.9}",-26.546948742271987,-27.898240261191127,-25.45621786310068,-27.184758557253257,-28.552430226143024,-27.127719129992016,1.0731233615809759,16,-14.890174211867036,-14.748194004814653,-15.271183200297235,-14.93312028534162,-14.487781485208648,-14.866090637505838,0.2554174650972955,27.127719129992016,14.866090637505838
2.2605441570281983,0.11035204911740365,0.012296438217163086,0.001798936208698802,0.9,10.0,1.0,1200,5,4,0.05,0.8,"{'subsample': 0.9, 'reg_lambda': 10.0, 'reg_alpha': 1.0, 'n_estimators': 1200, 'min_child_weight': 5, 'max_depth': 4, 'learning_rate': 0.05, 'colsample_bytree': 0.8}",-27.13327549488692,-27.60651530724445,-25.17213689880112,-27.53709634570395,-28.5177272036282,-27.19335025005293,1.1074071920849653,17,-15.52075816954401,-15.284949856524655,-15.924606523801069,-15.52825925598468,-15.056281067218151,-15.462970974614512,0.28906660101744286,27.19335025005293,15.462970974614512
2.683288335800171,0.11391271294446256,0.016284608840942384,0.004585936409759871,0.8,10.0,0.01,900,5,5,0.03,0.9,"{'subsample': 0.8, 'reg_lambda': 10.0, 'reg_alpha': 0.01, 'n_estimators': 900, 'min_child_weight': 5, 'max_depth': 5, 'learning_rate': 0.03, 'colsample_bytree': 0.9}",-27.377081792700384,-27.92745737271556,-25.275141984132308,-27.426175685293202,-28.585891141778138,-27.318349595323916,1.1106256917237778,18,-16.693312397998522,-16.211307781026886,-16.996429275946443,-16.533423012079137,-16.25277314818171,-16.537449123046542,0.2906478750804555,27.318349595323916,16.537449123046542
1.8689419746398925,0.04753691060650257,0.01224055290222168,0.0037518320811390734,0.7,5.0,1.0,900,7,4,0.05,1.0,"{'subsample': 0.7, 'reg_lambda': 5.0, 'reg_alpha': 1.0, 'n_estimators': 900, 'min_child_weight': 7, 'max_depth': 4, 'learning_rate': 0.05, 'colsample_bytree': 1.0}",-27.23332366037409,-28.0491736994283,-25.58382931412429,-27.64730651233718,-28.665075156142223,-27.435741668481217,1.0395067851494098,19,-16.98915450357106,-16.88909151552287,-17.57854814078679,-17.151996022164756,-16.85502704109847,-17.09276344462879,0.263905640030385,27.435741668481217,17.09276344462879
0.840083122253418,0.08171568311241831,0.008561038970947265,0.002222935692758494,0.9,2.0,1.0,300,5,5,0.08,0.7,"{'subsample': 0.9, 'reg_lambda': 2.0, 'reg_alpha': 1.0, 'n_estimators': 300, 'min_child_weight': 5, 'max_depth': 5, 'learning_rate': 0.08, 'colsample_bytree': 0.7}",-27.66194211071684,-28.10781799368175,-26.124132409326297,-27.524229036859015,-28.950383328241887,-27.673700975765154,0.9210883006415056,20,-17.096788118384275,-16.295492540633823,-17.36335413962337,-16.711758080847567,-16.351475719010967,-16.7637737197,0.4153017699002847,27.673700975765154,16.7637737197
10.170288133621217,0.22983430920220793,0.025406837463378906,0.005539956158566096,1.0,5.0,0.01,900,5,8,0.01,1.0,"{'subsample': 1.0, 'reg_lambda': 5.0, 'reg_alpha': 0.01, 'n_estimators': 900, 'min_child_weight': 5, 'max_depth': 8, 'learning_rate': 0.01, 'colsample_bytree': 1.0}",-27.537895807034893,-27.7604205270497,-26.557175165100354,-27.35127211617695,-29.181962099447716,-27.677745142961918,0.8545552551562121,21,-13.75982865085529,-13.507966331252113,-14.531899455753885,-13.595851984891759,-13.421067334916405,-13.763322751533892,0.4002785250977268,27.677745142961918,13.763322751533892
1.6875951290130615,0.09635961778422354,0.018523120880126955,0.0012869544059517185,1.0,1.0,0.5,900,3,4,0.05,0.9,"{'subsample': 1.0, 'reg_lambda': 1.0, 'reg_alpha': 0.5, 'n_estimators': 900, 'min_child_weight': 3, 'max_depth': 4, 'learning_rate': 0.05, 'colsample_bytree': 0.9}",-27.606329467359288,-28.467001977973915,-25.84315917709907,-28.044593791864514,-29.1721679133106,-27.826650465521475,1.1181006742490858,22,-16.765489254264846,-16.427172263351395,-17.495566943965326,-16.843996335689994,-16.744754915045277,-16.855395942463367,0.35032814077140834,27.826650465521475,16.855395942463367
6.963672399520874,0.11342164712044742,0.0171689510345459,0.0038400127662368993,0.7,2.0,0.0,500,3,8,0.01,0.9,"{'subsample': 0.7, 'reg_lambda': 2.0, 'reg_alpha': 0, 'n_estimators': 500, 'min_child_weight': 3, 'max_depth': 8, 'learning_rate': 0.01, 'colsample_bytree': 0.9}",-27.871223808204448,-27.923041564579027,-26.468409692507056,-27.716869186634522,-29.179813654175845,-27.831871581220177,0.8601235107136516,23,-16.31890001959754,-16.075895049621554,-16.77175712303838,-16.132337672503603,-15.859667253156482,-16.231711423583512,0.3071878768186259,27.831871581220177,16.231711423583512
5.00399260520935,0.11302044404772858,0.02351212501525879,0.004465840174747329,0.7,1.0,0.01,900,1,6,0.01,0.9,"{'subsample': 0.7, 'reg_lambda': 1.0, 'reg_alpha': 0.01, 'n_estimators': 900, 'min_child_weight': 1, 'max_depth': 6, 'learning_rate': 0.01, 'colsample_bytree': 0.9}",-28.1035667542384,-28.446327985742514,-26.515935682405143,-27.73443488180941,-29.35147711399253,-28.030348483637603,0.9278784092270267,24,-18.754119638565186,-18.37432312762682,-19.217487003033476,-18.504785541748824,-18.426548610003604,-18.65545278419558,0.3097577227471193,28.030348483637603,18.65545278419558
1.5585410118103027,0.09490901533462363,0.00931997299194336,0.0031289694307890183,0.8,0.5,0.1,300,5,6,0.03,1.0,"{'subsample': 0.8, 'reg_lambda': 0.5, 'reg_alpha': 0.1, 'n_estimators': 300, 'min_child_weight': 5, 'max_depth': 6, 'learning_rate': 0.03, 'colsample_bytree': 1.0}",-28.293734399020618,-28.591237387103078,-26.69896970274895,-28.111595749134523,-29.71497115803898,-28.282101679209234,0.9679043626834993,25,-18.99869125359737,-18.361272270581356,-19.1221501200453,-18.820621230059686,-18.609621677693987,-18.78247131039554,0.2723504362394579,28.282101679209234,18.78247131039554
0.9664371490478516,0.04339773660365002,0.007680130004882812,0.0008868680114894721,0.9,1.0,0.5,700,1,3,0.1,0.9,"{'subsample': 0.9, 'reg_lambda': 1.0, 'reg_alpha': 0.5, 'n_estimators': 700, 'min_child_weight': 1, 'max_depth': 3, 'learning_rate': 0.1, 'colsample_bytree': 0.9}",-28.204536092433003,-28.87338990344953,-26.65945306236002,-28.295823696894235,-29.719450973225772,-28.35053074567251,1.0031326252528991,26,-18.865370409208484,-18.511033932180492,-19.094266340072043,-18.73975101902174,-18.304663826903,-18.70301710547715,0.27434533441912196,28.35053074567251,18.70301710547715
1.0633179664611816,0.0707305228493631,0.009138822555541992,0.001758145186094467,0.9,2.0,0.01,700,3,3,0.08,0.9,"{'subsample': 0.9, 'reg_lambda': 2.0, 'reg_alpha': 0.01, 'n_estimators': 700, 'min_child_weight': 3, 'max_depth': 3, 'learning_rate': 0.08, 'colsample_bytree': 0.9}",-28.570230332909244,-29.064463138078807,-27.025437677980378,-29.002752583476195,-29.959630458035168,-28.724502838095958,0.9622014953304177,27,-20.7771807615323,-20.206282991223986,-20.995517936903994,-20.560780206900766,-20.302795850800305,-20.56851154947227,0.29248980479960807,28.724502838095958,20.56851154947227
1.7419821739196777,0.05846690708892406,0.014079999923706055,0.006097331700001253,0.9,10.0,0.5,1200,1,3,0.05,0.8,"{'subsample': 0.9, 'reg_lambda': 10.0, 'reg_alpha': 0.5, 'n_estimators': 1200, 'min_child_weight': 1, 'max_depth': 3, 'learning_rate': 0.05, 'colsample_bytree': 0.8}",-28.16886552987005,-29.05582581964158,-26.96741723705288,-28.997264696519522,-30.436749598142047,-28.725224576245218,1.141231172020371,28,-21.047901376716958,-20.742470823667492,-21.54334459721561,-21.1614647259515,-20.673095395554416,-21.033655383821195,0.3134049213751538,28.725224576245218,21.033655383821195
3.699018669128418,0.1180449213728642,0.01593623161315918,0.004191590239665699,0.8,0.5,0.01,700,5,6,0.01,0.8,"{'subsample': 0.8, 'reg_lambda': 0.5, 'reg_alpha': 0.01, 'n_estimators': 700, 'min_child_weight': 5, 'max_depth': 6, 'learning_rate': 0.01, 'colsample_bytree': 0.8}",-28.804031783112837,-29.12296520851142,-27.15091958496508,-28.690740740894263,-29.997903228397075,-28.75331210917613,0.9230167854369928,29,-20.69293857618161,-20.204071212852714,-21.10503737840098,-20.55615101767547,-20.07832345124747,-20.52730432727165,0.36554227870899675,28.75331210917613,20.52730432727165
3.9183655738830567,0.13658171952410694,0.02154197692871094,0.003131112516581507,0.8,1.0,0.01,1200,3,5,0.01,0.8,"{'subsample': 0.8, 'reg_lambda': 1.0, 'reg_alpha': 0.01, 'n_estimators': 1200, 'min_child_weight': 3, 'max_depth': 5, 'learning_rate': 0.01, 'colsample_bytree': 0.8}",-28.828392492913913,-29.327983923888592,-27.044150827551817,-28.75378627187732,-30.000934932689308,-28.791049689784188,0.9804651299134817,30,-21.19968348286644,-20.825716892091915,-21.766141151813414,-21.136650893792872,-20.76931743070859,-21.139501970254646,0.3554727206294161,28.791049689784188,21.139501970254646
0.7859492301940918,0.025977878302755445,0.006474113464355469,0.0010924870192150213,1.0,0.5,0.0,300,7,5,0.05,0.9,"{'subsample': 1.0, 'reg_lambda': 0.5, 'reg_alpha': 0, 'n_estimators': 300, 'min_child_weight': 7, 'max_depth': 5, 'learning_rate': 0.05, 'colsample_bytree': 0.9}",-28.4854952534424,-29.366779683689828,-27.2741391154282,-28.807777862807885,-30.32321643822869,-28.851481670719398,1.0055248266707983,31,-20.400729031018596,-20.17333727739906,-21.156321703490434,-20.450735435315938,-20.393184572513128,-20.51486160394743,0.33468003663660983,28.851481670719398,20.51486160394743
1.3303868293762207,0.04843852224295065,0.012934446334838867,0.002672173919802143,0.8,1.0,0.0,900,5,3,0.05,0.8,"{'subsample': 0.8, 'reg_lambda': 1.0, 'reg_alpha': 0, 'n_estimators': 900, 'min_child_weight': 5, 'max_depth': 3, 'learning_rate': 0.05, 'colsample_bytree': 0.8}",-28.501418021657486,-29.29325113828755,-27.527652837932866,-29.120067436075775,-30.54076202755266,-28.99663029230127,0.9890089408075278,32,-22.035092746635893,-21.551839079243884,-22.394886304606914,-22.06801730524672,-21.492045297794604,-21.9083761467056,0.3402012892887259,28.99663029230127,21.9083761467056
3.0442086696624755,0.05578218346853395,0.019014596939086914,0.003161029013449997,0.7,0.5,0.01,900,3,5,0.01,0.8,"{'subsample': 0.7, 'reg_lambda': 0.5, 'reg_alpha': 0.01, 'n_estimators': 900, 'min_child_weight': 3, 'max_depth': 5, 'learning_rate': 0.01, 'colsample_bytree': 0.8}",-29.3906229649771,-29.898616379599535,-27.793575626855386,-29.26448611818064,-30.767510493072876,-29.42296231653711,0.9710940335879175,33,-23.03766287802436,-22.64033703965457,-23.586068141518076,-22.920157814131056,-22.676695055414484,-22.97218418574851,0.34096453427105194,29.42296231653711,22.97218418574851
0.9742996692657471,0.05492819301416627,0.00840601921081543,0.0012386632064555127,1.0,0.5,0.01,300,1,5,0.03,0.7,"{'subsample': 1.0, 'reg_lambda': 0.5, 'reg_alpha': 0.01, 'n_estimators': 300, 'min_child_weight': 1, 'max_depth': 5, 'learning_rate': 0.03, 'colsample_bytree': 0.7}",-29.947484468390513,-30.6409603242494,-28.699634766453293,-29.95252897615546,-31.38790569622772,-30.12570284629528,0.8892769479562179,34,-23.545921912858887,-23.34604548419083,-24.16317130048749,-23.4348684406948,-23.360655139846234,-23.57013245561565,0.3048518631152907,30.12570284629528,23.57013245561565
2.452552556991577,0.06520467439935163,0.016463613510131835,0.0041694963037106625,1.0,2.0,0.0,900,5,5,0.01,0.7,"{'subsample': 1.0, 'reg_lambda': 2.0, 'reg_alpha': 0, 'n_estimators': 900, 'min_child_weight': 5, 'max_depth': 5, 'learning_rate': 0.01, 'colsample_bytree': 0.7}",-30.036747685530305,-30.645356305019646,-28.736936161471586,-29.926796688993026,-31.478165666615826,-30.164800501526077,0.9019647276037501,35,-24.130884523322937,-23.724394043771504,-24.81156512422687,-24.106524396975246,-24.00039627712731,-24.154752873084774,0.358701184264009,30.164800501526077,24.154752873084774
2.5927294731140136,0.10764643963073947,0.011509466171264648,0.0017868208118366029,1.0,10.0,0.5,700,3,5,0.01,1.0,"{'subsample': 1.0, 'reg_lambda': 10.0, 'reg_alpha': 0.5, 'n_estimators': 700, 'min_child_weight': 3, 'max_depth': 5, 'learning_rate': 0.01, 'colsample_bytree': 1.0}",-31.33855927264316,-31.50501207968054,-29.66400824393935,-31.43612173187308,-32.4439386250572,-31.277527990638664,0.8993981925690451,36,-26.123850933426155,-25.534245491788507,-26.580971039167945,-26.006760680699273,-25.597603920670608,-25.9686864131505,0.381276611356642,31.277527990638664,25.9686864131505
0.7893774032592773,0.02458063637270071,0.008016490936279297,0.0027094022340313946,1.0,1.0,0.01,300,1,4,0.03,1.0,"{'subsample': 1.0, 'reg_lambda': 1.0, 'reg_alpha': 0.01, 'n_estimators': 300, 'min_child_weight': 1, 'max_depth': 4, 'learning_rate': 0.03, 'colsample_bytree': 1.0}",-31.745755366745186,-32.65053862981821,-30.46942039845655,-31.96188262162265,-32.974682118751,-31.96045582707872,0.8688100158461216,37,-27.50139512215421,-27.29705695740186,-28.061889183487892,-27.401657952770826,-27.41287638484433,-27.534975120131826,0.2713126118909131,31.96045582707872,27.534975120131826
1.5478418350219727,0.10913433686614948,0.01821303367614746,0.005574214552270434,0.9,10.0,0.1,1200,7,3,0.01,0.9,"{'subsample': 0.9, 'reg_lambda': 10.0, 'reg_alpha': 0.1, 'n_estimators': 1200, 'min_child_weight': 7, 'max_depth': 3, 'learning_rate': 0.01, 'colsample_bytree': 0.9}",-32.8341068392714,-33.77930938332438,-31.61082107401582,-32.81807074192222,-34.00718975125428,-33.009899557957624,0.8499060169042364,38,-30.18899225078804,-30.010425474986615,-30.849087150227376,-30.161305817847797,-29.772700063404066,-30.19650215145078,0.3581606065697373,33.009899557957624,30.19650215145078
1.0326702117919921,0.04425112855932064,0.010203409194946288,0.0013454591530790631,0.8,2.0,0.5,700,3,3,0.01,0.7,"{'subsample': 0.8, 'reg_lambda': 2.0, 'reg_alpha': 0.5, 'n_estimators': 700, 'min_child_weight': 3, 'max_depth': 3, 'learning_rate': 0.01, 'colsample_bytree': 0.7}",-34.755672912856504,-35.41646544064173,-33.57637673517928,-34.50266963680248,-35.586110083898994,-34.7674589618758,0.7183770928205595,39,-32.74243119276627,-32.36081067699874,-33.17422993015424,-32.72524706565234,-32.3015500881806,-32.66085379075044,0.31415965612140845,34.7674589618758,32.66085379075044
0.8153746604919434,0.03272810022768138,0.00740966796875,0.0019409519880840237,0.8,10.0,0.01,300,3,4,0.01,0.9,"{'subsample': 0.8, 'reg_lambda': 10.0, 'reg_alpha': 0.01, 'n_estimators': 300, 'min_child_weight': 3, 'max_depth': 4, 'learning_rate': 0.01, 'colsample_bytree': 0.9}",-37.574036714070125,-37.39001038270647,-35.32788017344131,-37.19253623612668,-37.90472567184267,-37.07783783563745,0.9058604817872705,40,-35.13756296383611,-35.10072318062926,-35.48758758596713,-34.979010016496964,-34.859049461259566,-35.11278664163781,0.21143031156563252,37.07783783563745,35.11278664163781
